old_filename,manufacturer,model,doctype,language,notes
Unknown_DA-S_Manual_KO.pdf,,DA-S,SetupGuide,KO,manufacturer unidentified
Unknown_FOQ-0527-101_Manual_KO.pdf,,FOQ-0527-101,Manual,KO,manufacturer unidentified
Unknown_HR10A-7P_InstallGuide_EN.pdf,,HR10A-7P,InstallGuide,EN,manufacturer unidentified
Unknown_SERIES_Manual_KO.pdf,,SERIES,SetupGuide,KO,manufacturer unidentified
Unknown_SERIES_WiringGuide_KO.pdf,,SERIES,SetupGuide,KO,manufacturer unidentified
Unknown_STC-SB_Manual_EN_2.pdf,,STC-SB,CommManual,JA,manufacturer unidentified
Unknown_Unknown_MaintenanceManual_EN.pdf,,M100,CommManual,EN,manufacturer unidentified
Unknown_Unknown_MaintenanceManual_KO_2.pdf,,,MaintenanceManual,KO,manufacturer unidentified; model unidentified
Unknown_Unknown_MaintenanceManual_KO_3.pdf,,MTBF,CommManual,KO,manufacturer unidentified
Unknown_Unknown_Manual_EN_2.pdf,,DIN2,Manual,EN,manufacturer unidentified
Unknown_Unknown_Manual_EN_3.pdf,,DIN2,Manual,EN,manufacturer unidentified
Unknown_Unknown_Manual_KO_11.pdf,,TIME,CommManual,KO,manufacturer unidentified
Unknown_Unknown_Manual_KO_12.pdf,,,Manual,KO,manufacturer unidentified; model unidentified
Unknown_Unknown_Manual_KO_14.pdf,,,Manual,KO,manufacturer unidentified; model unidentified
Unknown_Unknown_Manual_KO_16.pdf,,,Manual,EN,manufacturer unidentified; model unidentified
Unknown_Unknown_Manual_KO_17.pdf,,IOVIS-TECH-MANUAL-2014,SetupGuide,KO,manufacturer unidentified
Unknown_Unknown_Manual_KO_18.pdf,,IOVIS-TECH-MANUAL-2014,SetupGuide,KO,manufacturer unidentified
Unknown_Unknown_Manual_KO_19.pdf,,,Manual,KO,manufacturer unidentified; model unidentified
Unknown_Unknown_Manual_KO_2.pdf,,,Manual,EN,manufacturer unidentified; model unidentified
Unknown_Unknown_Manual_KO_3.pdf,,SERIES,Catalog,KO,manufacturer unidentified
Unknown_Unknown_Manual_KO_4.pdf,,IOVIS-TECH-MANUAL-2014,SetupGuide,KO,manufacturer unidentified
Unknown_Unknown_Manual_KO_5.pdf,,,MaintenanceManual,KO,manufacturer unidentified; model unidentified
Unknown_Unknown_Manual_KO_6.pdf,,IOVIS-TECH-MANUAL-2014,SetupGuide,KO,manufacturer unidentified
Unknown_Unknown_Manual_KO_8.pdf,,,Manual,KO,manufacturer unidentified; model unidentified
Unknown_Unknown_Manual_KO_9.pdf,,MTBF,CommManual,KO,manufacturer unidentified
Unknown_VERSION_MaintenanceManual_KO.pdf,,VERSION,Manual,KO,manufacturer unidentified
Unknown_VERSION_Manual_KO.pdf,,VERSION,Manual,KO,manufacturer unidentified
